"FOV","x_global_px","y_global_px","x_global_mm","y_global_mm"
200,70265,34145.0094704549,8.43185388887321,4.60724126058631
201,74531,34145.0094704549,8.94376958449391,4.60724126058631
