"fov","x_global_px","y_global_px"
16,151625.637690226,18085.6200853984
