"fov","x_global_px","y_global_px"
11,134375.830388387,41396.4141209921
