"fov","x_global_px","y_global_px"
32,151075.817108155,-42486.1113230387
