"FOV","x_global_px","y_global_px","x_global_mm","y_global_mm"
60,62578,81218.3659987404,7.50937328797039,10.2571965838085
